Date,Nifty50_Open ,Nifty50_High,Nifty50_Low,Nifty50_Close,Nifty50_Shares Traded,Nifty50_Turnover (? Cr),Bank_Open ,Bank_High ,Bank_Low,Bank_Close,Bank_Shares Traded,Bank_Turnover (? Cr),Next_Date,Next_Nifty50_Open ,Next_Nifty50_High,Next_Nifty50_Low,Next_Nifty50_Close,Next_Nifty50_Shares Traded,Next_Nifty50_Turnover (? Cr),Next_Bank_Open ,Next_Bank_High ,Next_Bank_Low,Next_Bank_Close,Next_Bank_Shares Traded,Next_Bank_Turnover (? Cr)
15-May-23,18339.3,18458.9,18287.9,18398.85,216088535,19329.75,43821.05,44151.7,43666.6,44072.1,161260256,6189.39,16-May-23,18432.35,18432.35,18264.35,18286.5,219490491,21063.78,44144.15,44144.15,43815.7,43903.7,222536217,10093.99
16-May-23,18432.35,18432.35,18264.35,18286.5,219490491,21063.78,44144.15,44144.15,43815.7,43903.7,222536217,10093.99,17-May-23,18300.45,18309,18115.35,18181.75,229898510,20903.12,43948.5,43992.75,43446.4,43698.7,203597921,9812.19
17-May-23,18300.45,18309,18115.35,18181.75,229898510,20903.12,43948.5,43992.75,43446.4,43698.7,203597921,9812.19,18-May-23,18287.5,18297.2,18104.85,18129.95,272103515,24172.44,44006.9,44079.2,43673.7,43752.3,226492176,12657.89
18-May-23,18287.5,18297.2,18104.85,18129.95,272103515,24172.44,44006.9,44079.2,43673.7,43752.3,226492176,12657.89,19-May-23,18186.15,18218.1,18060.4,18203.4,260898407,22105.67,43930,44020.9,43531.9,43969.4,192042449,9384.53
19-May-23,18186.15,18218.1,18060.4,18203.4,260898407,22105.67,43930,44020.9,43531.9,43969.4,192042449,9384.53,22-May-23,18201.1,18335.25,18178.85,18314.4,262560942,25147.58,43935.3,44026.75,43684.9,43885.1,183783537,8083.39
22-May-23,18201.1,18335.25,18178.85,18314.4,262560942,25147.58,43935.3,44026.75,43684.9,43885.1,183783537,8083.39,23-May-23,18362.9,18419.75,18324.2,18348,270354216,28648.15,43978.9,44095.25,43852.2,43954.45,142021247,7352.99
23-May-23,18362.9,18419.75,18324.2,18348,270354216,28648.15,43978.9,44095.25,43852.2,43954.45,142021247,7352.99,24-May-23,18294.8,18392.6,18262.95,18285.4,232621507,24273.17,43751.95,44010.45,43639.8,43677.85,148625634,8248.12
24-May-23,18294.8,18392.6,18262.95,18285.4,232621507,24273.17,43751.95,44010.45,43639.8,43677.85,148625634,8248.12,25-May-23,18268.9,18338.1,18202.4,18321.15,235915651,22411.41,43630.25,43719.85,43390.3,43681.4,170186160,8602.95
25-May-23,18268.9,18338.1,18202.4,18321.15,235915651,22411.41,43630.25,43719.85,43390.3,43681.4,170186160,8602.95,26-May-23,18368.35,18508.55,18333.15,18499.35,198668359,19094.08,43765.35,44067.6,43588.8,44018,143222738,6120.71
26-May-23,18368.35,18508.55,18333.15,18499.35,198668359,19094.08,43765.35,44067.6,43588.8,44018,143222738,6120.71,29-May-23,18619.15,18641.2,18581.25,18598.65,265323978,19237.57,44276.8,44483.35,44193.95,44311.9,148580468,6899.27
29-May-23,18619.15,18641.2,18581.25,18598.65,265323978,19237.57,44276.8,44483.35,44193.95,44311.9,148580468,6899.27,30-May-23,18606.65,18662.45,18575.5,18633.85,234391323,21660.69,44277.35,44498.6,44207.5,44436.35,157593352,9002.94
30-May-23,18606.65,18662.45,18575.5,18633.85,234391323,21660.69,44277.35,44498.6,44207.5,44436.35,157593352,9002.94,31-May-23,18594.2,18603.9,18483.85,18534.4,696495765,70755.08,44318,44339.05,43822.7,44128.15,305745119,30474.33
31-May-23,18594.2,18603.9,18483.85,18534.4,696495765,70755.08,44318,44339.05,43822.7,44128.15,305745119,30474.33,01-Jun-23,18579.4,18580.3,18464.55,18487.75,265630759,24056.99,44172.05,44179.95,43706.15,43790.2,182945759,10854.82
01-Jun-23,18579.4,18580.3,18464.55,18487.75,265630759,24056.99,44172.05,44179.95,43706.15,43790.2,182945759,10854.82,02-Jun-23,18550.85,18573.7,18478.4,18534.1,270923679,23171.88,43997.3,44088.9,43812.55,43937.85,123851342,6150.87
02-Jun-23,18550.85,18573.7,18478.4,18534.1,270923679,23171.88,43997.3,44088.9,43812.55,43937.85,123851342,6150.87,05-Jun-23,18612,18640.15,18582.8,18593.85,256111496,20369.16,44103.25,44266.15,44074.2,44101.65,124513498,6395.22
05-Jun-23,18612,18640.15,18582.8,18593.85,256111496,20369.16,44103.25,44266.15,44074.2,44101.65,124513498,6395.22,06-Jun-23,18600.8,18622.75,18531.6,18599,220789926,21957.47,44156.7,44236.2,44009.7,44164.55,123561408,7703.56
06-Jun-23,18600.8,18622.75,18531.6,18599,220789926,21957.47,44156.7,44236.2,44009.7,44164.55,123561408,7703.56,07-Jun-23,18665.6,18738.95,18636,18726.4,260109671,21482.77,44318.7,44346.3,44143.5,44275.3,119216872,7450.27
07-Jun-23,18665.6,18738.95,18636,18726.4,260109671,21482.77,44318.7,44346.3,44143.5,44275.3,119216872,7450.27,08-Jun-23,18725.35,18777.9,18615.6,18634.55,286468927,22762.3,44208.3,44459.25,43917.9,43995.25,160157265,9066.63
08-Jun-23,18725.35,18777.9,18615.6,18634.55,286468927,22762.3,44208.3,44459.25,43917.9,43995.25,160157265,9066.63,09-Jun-23,18655.9,18676.65,18555.4,18563.4,221760885,20181.42,44045.75,44220.1,43932.6,43989,132310915,8922.34
09-Jun-23,18655.9,18676.65,18555.4,18563.4,221760885,20181.42,44045.75,44220.1,43932.6,43989,132310915,8922.34,12-Jun-23,18595.05,18633.6,18559.75,18601.5,179463966,15386.04,44035.2,44124.95,43874.05,43944.2,91412250,4657.88
12-Jun-23,18595.05,18633.6,18559.75,18601.5,179463966,15386.04,44035.2,44124.95,43874.05,43944.2,91412250,4657.88,13-Jun-23,18631.8,18728.9,18631.8,18716.15,233167883,22612.62,43889.7,44138.15,43889.7,44079.85,160045490,9026.03
13-Jun-23,18631.8,18728.9,18631.8,18716.15,233167883,22612.62,43889.7,44138.15,43889.7,44079.85,160045490,9026.03,14-Jun-23,18744.6,18769.7,18690,18755.9,261354575,19520.08,44181.65,44212.35,43956.15,43988,154599371,6902.13
14-Jun-23,18744.6,18769.7,18690,18755.9,261354575,19520.08,44181.65,44212.35,43956.15,43988,154599371,6902.13,15-Jun-23,18774.45,18794.1,18669.05,18688.1,263004991,24820.77,44054.35,44077.45,43397.5,43443.6,228184460,10402.67
15-Jun-23,18774.45,18794.1,18669.05,18688.1,263004991,24820.77,44054.35,44077.45,43397.5,43443.6,228184460,10402.67,16-Jun-23,18723.3,18864.7,18710.5,18826,272771256,28877.67,43583.35,44083.25,43536.95,43938.15,234688714,6524.62
16-Jun-23,18723.3,18864.7,18710.5,18826,272771256,28877.67,43583.35,44083.25,43536.95,43938.15,234688714,6524.62,19-Jun-23,18873.3,18881.45,18719.15,18755.45,219815214,22699.84,44015.3,44040.35,43501.4,43633.75,234897358,9396.05
19-Jun-23,18873.3,18881.45,18719.15,18755.45,219815214,22699.84,44015.3,44040.35,43501.4,43633.75,234897358,9396.05,20-Jun-23,18752.35,18839.7,18660.65,18816.7,211649257,19687.08,43597.55,43823.95,43345.95,43766.5,161879136,6951.08
20-Jun-23,18752.35,18839.7,18660.65,18816.7,211649257,19687.08,43597.55,43823.95,43345.95,43766.5,161879136,6951.08,21-Jun-23,18849.4,18875.9,18794.85,18856.85,217481345,19102.48,43894.4,43946.7,43698.95,43859.2,179991909,6449.9
21-Jun-23,18849.4,18875.9,18794.85,18856.85,217481345,19102.48,43894.4,43946.7,43698.95,43859.2,179991909,6449.9,22-Jun-23,18853.6,18886.6,18759.5,18771.25,252697871,24990.87,43874.8,44042.15,43663.35,43724.85,263760682,11850.43
22-Jun-23,18853.6,18886.6,18759.5,18771.25,252697871,24990.87,43874.8,44042.15,43663.35,43724.85,263760682,11850.43,23-Jun-23,18741.85,18756.4,18647.1,18665.5,210562119,20619.6,43641.6,43824.1,43519.55,43622.9,161308806,6132.03
23-Jun-23,18741.85,18756.4,18647.1,18665.5,210562119,20619.6,43641.6,43824.1,43519.55,43622.9,161308806,6132.03,26-Jun-23,18682.35,18722.05,18646.7,18691.2,171271325,17355.14,43714.75,43773.1,43541.75,43641.05,120687324,5075.61
26-Jun-23,18682.35,18722.05,18646.7,18691.2,171271325,17355.14,43714.75,43773.1,43541.75,43641.05,120687324,5075.61,27-Jun-23,18748.55,18829.25,18714.25,18817.4,222464605,21415.89,43804.55,44194.65,43693.15,44121.5,137304064,6984.16
27-Jun-23,18748.55,18829.25,18714.25,18817.4,222464605,21415.89,43804.55,44194.65,43693.15,44121.5,137304064,6984.16,28-Jun-23,18908.15,19011.25,18861.35,18972.1,398782019,37356.94,44419.5,44508.4,44163.2,44327.8,243833321,12900.23
28-Jun-23,18908.15,19011.25,18861.35,18972.1,398782019,37356.94,44419.5,44508.4,44163.2,44327.8,243833321,12900.23,30-Jun-23,19076.85,19201.7,19024.6,19189.05,247906587,26376.62,44666,44787.1,44447.2,44747.35,191257943,8995.82
30-Jun-23,19076.85,19201.7,19024.6,19189.05,247906587,26376.62,44666,44787.1,44447.2,44747.35,191257943,8995.82,03-Jul-23,19246.5,19345.1,19234.4,19322.55,226050219,22681.54,44957.95,45353.2,44882.1,45158.1,228168358,9243.6
03-Jul-23,19246.5,19345.1,19234.4,19322.55,226050219,22681.54,44957.95,45353.2,44882.1,45158.1,228168358,9243.6,04-Jul-23,19406.6,19434.15,19300,19389,226916635,26634.06,45310.55,45655.5,45000.25,45301.45,462969627,11991.7
04-Jul-23,19406.6,19434.15,19300,19389,226916635,26634.06,45310.55,45655.5,45000.25,45301.45,462969627,11991.7,05-Jul-23,19405.95,19421.6,19339.6,19398.5,224418797,24699.24,45169.7,45418.9,45073.4,45151.8,366287666,10661.77
05-Jul-23,19405.95,19421.6,19339.6,19398.5,224418797,24699.24,45169.7,45418.9,45073.4,45151.8,366287666,10661.77,06-Jul-23,19385.7,19512.2,19373,19497.3,268261285,28540.18,45060.55,45417.5,45042.6,45339.9,244924069,10612.41
06-Jul-23,19385.7,19512.2,19373,19497.3,268261285,28540.18,45060.55,45417.5,45042.6,45339.9,244924069,10612.41,07-Jul-23,19422.8,19523.6,19303.6,19331.8,237102566,23089.25,45118.05,45227.25,44844.8,44925,220933310,6423.58
07-Jul-23,19422.8,19523.6,19303.6,19331.8,237102566,23089.25,45118.05,45227.25,44844.8,44925,220933310,6423.58,10-Jul-23,19400.35,19435.85,19327.1,19355.9,268246132,25991.55,44958.65,45184.3,44721.9,44860.85,220868631,8211.64
10-Jul-23,19400.35,19435.85,19327.1,19355.9,268246132,25991.55,44958.65,45184.3,44721.9,44860.85,220868631,8211.64,11-Jul-23,19427.1,19515.1,19406.45,19439.4,251263638,26883.78,44998,45139.55,44663.05,44745.05,208991985,10144.86
11-Jul-23,19427.1,19515.1,19406.45,19439.4,251263638,26883.78,44998,45139.55,44663.05,44745.05,208991985,10144.86,12-Jul-23,19497.45,19507.7,19361.75,19384.3,327941559,40163.14,44872.6,44937.25,44562.4,44639.45,233078214,13001.64
12-Jul-23,19497.45,19507.7,19361.75,19384.3,327941559,40163.14,44872.6,44937.25,44562.4,44639.45,233078214,13001.64,13-Jul-23,19495.2,19567,19385.8,19413.75,310442517,27244.56,45009.3,45085.15,44612.2,44665.05,336819265,12694.9
13-Jul-23,19495.2,19567,19385.8,19413.75,310442517,27244.56,45009.3,45085.15,44612.2,44665.05,336819265,12694.9,14-Jul-23,19493.45,19595.35,19433.5,19564.5,291165841,25484.44,44860.65,44923.85,44547.8,44819.3,196327724,8116.45
14-Jul-23,19493.45,19595.35,19433.5,19564.5,291165841,25484.44,44860.65,44923.85,44547.8,44819.3,196327724,8116.45,17-Jul-23,19612.15,19731.85,19562.95,19711.45,268707894,25975.57,44951.2,45556.45,44695.05,45449.75,245926389,11035.15
17-Jul-23,19612.15,19731.85,19562.95,19711.45,268707894,25975.57,44951.2,45556.45,44695.05,45449.75,245926389,11035.15,18-Jul-23,19787.5,19819.45,19690.2,19749.25,286353897,33269.08,45754.8,45905.85,45281.3,45410.85,307330861,16309.6
18-Jul-23,19787.5,19819.45,19690.2,19749.25,286353897,33269.08,45754.8,45905.85,45281.3,45410.85,307330861,16309.6,19-Jul-23,19802.95,19851.7,19727.45,19833.15,259660464,26447.9,45622.5,45707.4,45433,45669.3,261049956,9903.75
19-Jul-23,19802.95,19851.7,19727.45,19833.15,259660464,26447.9,45622.5,45707.4,45433,45669.3,261049956,9903.75,20-Jul-23,19831.7,19991.85,19758.4,19979.15,274698867,30622.66,45689.05,46256.2,45640.95,46186.9,315179894,15550.1
20-Jul-23,19831.7,19991.85,19758.4,19979.15,274698867,30622.66,45689.05,46256.2,45640.95,46186.9,315179894,15550.1,21-Jul-23,19800.45,19887.4,19700,19745,312461795,33802.14,46063.95,46369.5,45925.9,46075.2,235593414,10250.66
21-Jul-23,19800.45,19887.4,19700,19745,312461795,33802.14,46063.95,46369.5,45925.9,46075.2,235593414,10250.66,24-Jul-23,19748.45,19782.75,19658.3,19672.35,265562151,24522.29,46131.9,46191.5,45858.75,45923.05,225835415,10127.18
24-Jul-23,19748.45,19782.75,19658.3,19672.35,265562151,24522.29,46131.9,46191.5,45858.75,45923.05,225835415,10127.18,25-Jul-23,19729.35,19729.35,19615.95,19680.6,369653496,29665.67,46154.7,46156.1,45622.85,45845,228145332,13407.44
25-Jul-23,19729.35,19729.35,19615.95,19680.6,369653496,29665.67,46154.7,46156.1,45622.85,45845,228145332,13407.44,26-Jul-23,19733.35,19825.6,19716.7,19778.3,244747425,23023.86,45935.15,46096.6,45804.7,46062.35,298409899,7779.64
26-Jul-23,19733.35,19825.6,19716.7,19778.3,244747425,23023.86,45935.15,46096.6,45804.7,46062.35,298409899,7779.64,27-Jul-23,19850.9,19867.55,19603.55,19659.9,334891351,35019.13,46285.85,46310.1,45570.65,45679.3,320421936,14491.84
27-Jul-23,19850.9,19867.55,19603.55,19659.9,334891351,35019.13,46285.85,46310.1,45570.65,45679.3,320421936,14491.84,28-Jul-23,19659.75,19695.9,19563.1,19646.05,258671382,22995.98,45560.9,45727.75,45238.8,45468.1,194666588,8389.2
28-Jul-23,19659.75,19695.9,19563.1,19646.05,258671382,22995.98,45560.9,45727.75,45238.8,45468.1,194666588,8389.2,31-Jul-23,19666.35,19772.75,19597.6,19753.8,295053318,23075.38,45546.35,45694.9,45359.75,45651.1,247859113,8729.51
31-Jul-23,19666.35,19772.75,19597.6,19753.8,295053318,23075.38,45546.35,45694.9,45359.75,45651.1,247859113,8729.51,01-Aug-23,19784,19795.6,19704.6,19733.55,298048161,24554.71,45740,45782.75,45471.05,45592.5,175242040,8546.57
01-Aug-23,19784,19795.6,19704.6,19733.55,298048161,24554.71,45740,45782.75,45471.05,45592.5,175242040,8546.57,02-Aug-23,19655.4,19678.25,19423.55,19526.55,290666798,23997.47,45234.65,45404.9,44720.9,44995.7,233601314,8677.17
02-Aug-23,19655.4,19678.25,19423.55,19526.55,290666798,23997.47,45234.65,45404.9,44720.9,44995.7,233601314,8677.17,03-Aug-23,19463.75,19537.65,19296.45,19381.65,315688612,29899.38,44862.85,45038.45,44279.4,44513.45,245769556,14309.39
03-Aug-23,19463.75,19537.65,19296.45,19381.65,315688612,29899.38,44862.85,45038.45,44279.4,44513.45,245769556,14309.39,04-Aug-23,19462.8,19538.85,19436.45,19517,280799561,28086.15,44754.75,45118.05,44520.55,44879.5,245171463,12540.56
04-Aug-23,19462.8,19538.85,19436.45,19517,280799561,28086.15,44754.75,45118.05,44520.55,44879.5,245171463,12540.56,07-Aug-23,19576.85,19620.45,19524.8,19597.3,216586074,21655.87,44993.7,45011.35,44773.85,44837.5,200781677,9590.15
07-Aug-23,19576.85,19620.45,19524.8,19597.3,216586074,21655.87,44993.7,45011.35,44773.85,44837.5,200781677,9590.15,08-Aug-23,19627.2,19634.4,19533.1,19570.85,260294052,25437.47,44888.95,45096.85,44817.85,44964.45,229405682,11285.94
08-Aug-23,19627.2,19634.4,19533.1,19570.85,260294052,25437.47,44888.95,45096.85,44817.85,44964.45,229405682,11285.94,09-Aug-23,19578.8,19645.5,19467.5,19632.55,266495074,23201.75,44973.45,44975,44533.75,44880.7,177283295,8244.22
09-Aug-23,19578.8,19645.5,19467.5,19632.55,266495074,23201.75,44973.45,44975,44533.75,44880.7,177283295,8244.22,10-Aug-23,19605.55,19623.6,19495.4,19543.1,312193785,29430.34,44797.65,44980.35,44418.4,44541.8,232038617,12500.78
10-Aug-23,19605.55,19623.6,19495.4,19543.1,312193785,29430.34,44797.65,44980.35,44418.4,44541.8,232038617,12500.78,11-Aug-23,19554.25,19557.75,19412.75,19428.3,235524048,24521.24,44568.15,44571.25,44120.9,44199.1,196900504,8398.35
11-Aug-23,19554.25,19557.75,19412.75,19428.3,235524048,24521.24,44568.15,44571.25,44120.9,44199.1,196900504,8398.35,14-Aug-23,19383.95,19465.85,19257.9,19434.55,243850815,22767.43,44066.6,44212.75,43776.9,44090.95,172325405,8565.67
14-Aug-23,19383.95,19465.85,19257.9,19434.55,243850815,22767.43,44066.6,44212.75,43776.9,44090.95,172325405,8565.67,16-Aug-23,19369,19482.75,19317.2,19465,226627230,21484.66,43726.25,44002.8,43600.35,43946.4,159009616,7794.15
16-Aug-23,19369,19482.75,19317.2,19465,226627230,21484.66,43726.25,44002.8,43600.35,43946.4,159009616,7794.15,17-Aug-23,19450.55,19461.55,19326.25,19365.25,268663456,26505.65,43897.25,44071.85,43745.1,43891.35,266374133,12388.63
17-Aug-23,19450.55,19461.55,19326.25,19365.25,268663456,26505.65,43897.25,44071.85,43745.1,43891.35,266374133,12388.63,18-Aug-23,19301.75,19373.8,19253.6,19310.15,256142364,25641.41,43724.75,43957.65,43672.45,43851.05,167584420,7299.32
18-Aug-23,19301.75,19373.8,19253.6,19310.15,256142364,25641.41,43724.75,43957.65,43672.45,43851.05,167584420,7299.32,21-Aug-23,19320.65,19425.95,19296.3,19393.6,262589133,20738.75,43952.85,44113.8,43862,44002,126311003,6152.35
21-Aug-23,19320.65,19425.95,19296.3,19393.6,262589133,20738.75,43952.85,44113.8,43862,44002,126311003,6152.35,22-Aug-23,19417.1,19443.5,19381.3,19396.45,208704354,20226.48,44125,44151.3,43938.7,43993.25,160746391,7997.31
22-Aug-23,19417.1,19443.5,19381.3,19396.45,208704354,20226.48,44125,44151.3,43938.7,43993.25,160746391,7997.31,23-Aug-23,19439.2,19472.05,19366.6,19444,225214991,20167.16,44064.5,44521.65,43952.05,44479.05,212380487,9264.63
23-Aug-23,19439.2,19472.05,19366.6,19444,225214991,20167.16,44064.5,44521.65,43952.05,44479.05,212380487,9264.63,24-Aug-23,19535.15,19584.45,19369,19386.7,268256859,24338.24,44704.2,44949.9,44433.75,44496.2,220421097,11640.43
24-Aug-23,19535.15,19584.45,19369,19386.7,268256859,24338.24,44704.2,44949.9,44433.75,44496.2,220421097,11640.43,25-Aug-23,19297.4,19339.55,19229.7,19265.8,466518217,24998.12,44276.2,44359.1,43983.75,44231.45,152511949,6418.26
25-Aug-23,19297.4,19339.55,19229.7,19265.8,466518217,24998.12,44276.2,44359.1,43983.75,44231.45,152511949,6418.26,28-Aug-23,19298.35,19366.85,19249.7,19306.05,248178769,18237.22,44253.65,44610.4,44201.45,44494.65,162966392,6459.5
28-Aug-23,19298.35,19366.85,19249.7,19306.05,248178769,18237.22,44253.65,44610.4,44201.45,44494.65,162966392,6459.5,29-Aug-23,19374.85,19377.9,19309.1,19342.65,307388116,22501.12,44655.75,44673,44429.8,44495.25,140261809,7348.76
29-Aug-23,19374.85,19377.9,19309.1,19342.65,307388116,22501.12,44655.75,44673,44429.8,44495.25,140261809,7348.76,30-Aug-23,19433.45,19452.8,19334.75,19347.45,233004568,19877.49,44706.55,44779.65,44149.8,44232.6,153146734,7120.71
30-Aug-23,19433.45,19452.8,19334.75,19347.45,233004568,19877.49,44706.55,44779.65,44149.8,44232.6,153146734,7120.71,31-Aug-23,19375.55,19388.2,19223.65,19253.8,562557215,45699.54,44265.85,44399.65,43895.05,43989.15,705076481,22944.35
31-Aug-23,19375.55,19388.2,19223.65,19253.8,562557215,45699.54,44265.85,44399.65,43895.05,43989.15,705076481,22944.35,01-Sep-23,19258.15,19458.55,19255.7,19435.3,372502191,25962.38,43996.1,44568.55,43830.75,44436.1,320777071,10328.28
01-Sep-23,19258.15,19458.55,19255.7,19435.3,372502191,25962.38,43996.1,44568.55,43830.75,44436.1,320777071,10328.28,04-Sep-23,19525.05,19545.15,19432.85,19528.8,396071122,24822.79,44647.65,44656.05,44310.95,44578.3,238633547,7239.65
04-Sep-23,19525.05,19545.15,19432.85,19528.8,396071122,24822.79,44647.65,44656.05,44310.95,44578.3,238633547,7239.65,05-Sep-23,19564.65,19587.05,19525.75,19574.9,303958622,24029.89,44625.05,44668.7,44401.7,44532.15,225502820,9163
05-Sep-23,19564.65,19587.05,19525.75,19574.9,303958622,24029.89,44625.05,44668.7,44401.7,44532.15,225502820,9163,06-Sep-23,19581.2,19636.45,19491.5,19611.05,512974083,32500.52,44494.65,44577,44207.25,44409.1,252042492,13586.52
06-Sep-23,19581.2,19636.45,19491.5,19611.05,512974083,32500.52,44494.65,44577,44207.25,44409.1,252042492,13586.52,07-Sep-23,19598.65,19737,19550.05,19727.05,304929822,23591,44418.05,44915.55,44341.2,44878.35,169135265,7633.64
07-Sep-23,19598.65,19737,19550.05,19727.05,304929822,23591,44418.05,44915.55,44341.2,44878.35,169135265,7633.64,08-Sep-23,19774.8,19867.15,19728.05,19819.95,288093693,23530.84,44953.65,45383.35,44812.15,45156.4,179081128,7981.56
08-Sep-23,19774.8,19867.15,19728.05,19819.95,288093693,23530.84,44953.65,45383.35,44812.15,45156.4,179081128,7981.56,11-Sep-23,19890,20008.15,19865.35,19996.35,248763130,21924.34,45340.8,45636.2,45231.3,45570.7,228140725,7468.15
11-Sep-23,19890,20008.15,19865.35,19996.35,248763130,21924.34,45340.8,45636.2,45231.3,45570.7,228140725,7468.15,12-Sep-23,20110.15,20110.35,19914.65,19993.2,328064239,30110.8,45893.8,45893.8,45322.55,45511.35,271358960,10172.39
12-Sep-23,20110.15,20110.35,19914.65,19993.2,328064239,30110.8,45893.8,45893.8,45322.55,45511.35,271358960,10172.39,13-Sep-23,19989.5,20096.9,19944.1,20070,251394599,24332.36,45449.35,45990.5,45299.4,45909.45,441730790,13835.45
13-Sep-23,19989.5,20096.9,19944.1,20070,251394599,24332.36,45449.35,45990.5,45299.4,45909.45,441730790,13835.45,14-Sep-23,20127.95,20167.65,20043.45,20103.1,275111881,21902.65,46013.3,46153.9,45801.5,46000.85,238571609,7707.6
14-Sep-23,20127.95,20167.65,20043.45,20103.1,275111881,21902.65,46013.3,46153.9,45801.5,46000.85,238571609,7707.6,15-Sep-23,20156.45,20222.45,20129.7,20192.35,438185104,42681.35,46122.15,46310.4,46028.75,46231.5,278351267,20191.93
15-Sep-23,20156.45,20222.45,20129.7,20192.35,438185104,42681.35,46122.15,46310.4,46028.75,46231.5,278351267,20191.93,18-Sep-23,20155.95,20195.35,20115.7,20133.3,264870758,21135.95,46100.95,46252.95,45906.9,45979.85,348764457,10538.53
18-Sep-23,20155.95,20195.35,20115.7,20133.3,264870758,21135.95,46100.95,46252.95,45906.9,45979.85,348764457,10538.53,20-Sep-23,19980.75,20050.65,19878.85,19901.4,378065882,37351.58,45493.7,45745.15,45276.4,45384.6,334008742,18829.96
20-Sep-23,19980.75,20050.65,19878.85,19901.4,378065882,37351.58,45493.7,45745.15,45276.4,45384.6,334008742,18829.96,21-Sep-23,19840.55,19848.75,19709.95,19742.35,275132260,26711.83,45179.6,45276.8,44592.45,44623.85,257738910,13103.32
21-Sep-23,19840.55,19848.75,19709.95,19742.35,275132260,26711.83,45179.6,45276.8,44592.45,44623.85,257738910,13103.32,22-Sep-23,19744.85,19798.65,19657.5,19674.25,246410075,24137.57,44707.35,44996.75,44548.9,44612.05,249378233,11352.13
22-Sep-23,19744.85,19798.65,19657.5,19674.25,246410075,24137.57,44707.35,44996.75,44548.9,44612.05,249378233,11352.13,25-Sep-23,19678.2,19734.15,19601.55,19674.55,188398392,20194.48,44615,44936.55,44400.9,44766.1,266505760,8410.26
25-Sep-23,19678.2,19734.15,19601.55,19674.55,188398392,20194.48,44615,44936.55,44400.9,44766.1,266505760,8410.26,26-Sep-23,19682.8,19699.35,19637.45,19664.7,204869058,18118.19,44722.5,44773.8,44532.45,44624.2,188450888,6921.22
26-Sep-23,19682.8,19699.35,19637.45,19664.7,204869058,18118.19,44722.5,44773.8,44532.45,44624.2,188450888,6921.22,27-Sep-23,19637.05,19730.7,19554,19716.45,203559874,19659.17,44465.9,44668,44182.5,44588.3,221854101,8518.1
27-Sep-23,19637.05,19730.7,19554,19716.45,203559874,19659.17,44465.9,44668,44182.5,44588.3,221854101,8518.1,28-Sep-23,19761.8,19766.65,19492.1,19523.55,352810261,30069.78,44700.35,44756.8,44248.2,44300.95,389938076,15365.78
28-Sep-23,19761.8,19766.65,19492.1,19523.55,352810261,30069.78,44700.35,44756.8,44248.2,44300.95,389938076,15365.78,29-Sep-23,19581.2,19726.25,19551.05,19638.3,243508919,20978.72,44445.35,44755.05,44344.9,44584.55,155984970,7457.08
29-Sep-23,19581.2,19726.25,19551.05,19638.3,243508919,20978.72,44445.35,44755.05,44344.9,44584.55,155984970,7457.08,03-Oct-23,19622.4,19623.2,19479.65,19528.75,221719625,21459.58,44561.5,44566.3,44243.1,44399.05,192648191,8839.94
03-Oct-23,19622.4,19623.2,19479.65,19528.75,221719625,21459.58,44561.5,44566.3,44243.1,44399.05,192648191,8839.94,04-Oct-23,19446.3,19457.8,19333.6,19436.1,277148310,26017.47,44108.15,44161.35,43857.5,43964.05,310337941,13684.99
04-Oct-23,19446.3,19457.8,19333.6,19436.1,277148310,26017.47,44108.15,44161.35,43857.5,43964.05,310337941,13684.99,05-Oct-23,19521.85,19576.95,19487.3,19545.75,234865323,22019.04,44181.35,44391.85,44108.3,44213.35,243397808,8920.31
05-Oct-23,19521.85,19576.95,19487.3,19545.75,234865323,22019.04,44181.35,44391.85,44108.3,44213.35,243397808,8920.31,06-Oct-23,19621.2,19675.75,19589.4,19653.5,159051277,16096.52,44395.4,44500.7,44242.95,44360.6,157546711,5072.44
06-Oct-23,19621.2,19675.75,19589.4,19653.5,159051277,16096.52,44395.4,44500.7,44242.95,44360.6,157546711,5072.44,09-Oct-23,19539.45,19588.95,19480.5,19512.35,165094800,15499.67,44057.8,44113.2,43796.75,43886.5,162329888,5048.43
09-Oct-23,19539.45,19588.95,19480.5,19512.35,165094800,15499.67,44057.8,44113.2,43796.75,43886.5,162329888,5048.43,10-Oct-23,19565.6,19717.8,19565.45,19689.85,216559447,18735.62,44027.55,44487.25,44004.55,44360.15,175255784,7051.3
10-Oct-23,19565.6,19717.8,19565.45,19689.85,216559447,18735.62,44027.55,44487.25,44004.55,44360.15,175255784,7051.3,11-Oct-23,19767,19839.2,19756.95,19811.35,213729730,19900.99,44554.9,44710.55,44411.4,44516.9,213743273,8163.77
11-Oct-23,19767,19839.2,19756.95,19811.35,213729730,19900.99,44554.9,44710.55,44411.4,44516.9,213743273,8163.77,12-Oct-23,19822.7,19843.3,19772.65,19794,217904144,20999.94,44571.55,44693.05,44530.05,44599.2,112113681,5310.57
12-Oct-23,19822.7,19843.3,19772.65,19794,217904144,20999.94,44571.55,44693.05,44530.05,44599.2,112113681,5310.57,13-Oct-23,19654.55,19805.4,19635.3,19751.05,254955979,24363.02,44322.05,44563.05,44203.7,44287.95,169909362,8569.73
13-Oct-23,19654.55,19805.4,19635.3,19751.05,254955979,24363.02,44322.05,44563.05,44203.7,44287.95,169909362,8569.73,16-Oct-23,19737.25,19781.3,19691.85,19731.75,180964341,14746.01,44204.75,44356.95,44044.4,44225.9,140416279,5070.04
16-Oct-23,19737.25,19781.3,19691.85,19731.75,180964341,14746.01,44204.75,44356.95,44044.4,44225.9,140416279,5070.04,17-Oct-23,19843.2,19849.75,19775.65,19811.5,185846716,16839.87,44589.8,44589.85,44336.95,44409.5,120502257,6287.85
17-Oct-23,19843.2,19849.75,19775.65,19811.5,185846716,16839.87,44589.8,44589.85,44336.95,44409.5,120502257,6287.85,18-Oct-23,19820.45,19840.95,19659.95,19671.1,198942937,18581.64,44404.2,44412.5,43861.45,43888.7,217182886,7931.28
18-Oct-23,19820.45,19840.95,19659.95,19671.1,198942937,18581.64,44404.2,44412.5,43861.45,43888.7,217182886,7931.28,19-Oct-23,19545.2,19681.8,19512.35,19624.7,230312163,23582.01,43616.75,44058.8,43558.1,43754.5,156629503,7930.9
19-Oct-23,19545.2,19681.8,19512.35,19624.7,230312163,23582.01,43616.75,44058.8,43558.1,43754.5,156629503,7930.9,20-Oct-23,19542.15,19593.8,19518.7,19542.65,198341255,17944.31,43584.25,43877.5,43567.45,43723.05,152394312,6198.69
20-Oct-23,19542.15,19593.8,19518.7,19542.65,198341255,17944.31,43584.25,43877.5,43567.45,43723.05,152394312,6198.69,23-Oct-23,19521.6,19556.85,19257.85,19281.75,176044288,16212.9,43822.7,43831.3,43029.45,43151.2,201404300,7591.04
23-Oct-23,19521.6,19556.85,19257.85,19281.75,176044288,16212.9,43822.7,43831.3,43029.45,43151.2,201404300,7591.04,25-Oct-23,19286.45,19347.3,19074.15,19122.15,225291741,19818.32,43308.3,43397.45,42758.4,42832,188273620,7402.28
25-Oct-23,19286.45,19347.3,19074.15,19122.15,225291741,19818.32,43308.3,43397.45,42758.4,42832,188273620,7402.28,26-Oct-23,19027.25,19041.7,18837.85,18857.25,300356469,28939.64,42708.4,42716.2,42105.4,42280.15,307071946,12780.76
26-Oct-23,19027.25,19041.7,18837.85,18857.25,300356469,28939.64,42708.4,42716.2,42105.4,42280.15,307071946,12780.76,27-Oct-23,18928.75,19076.15,18926.65,19047.25,205201044,19947.48,42555.6,42840.15,42482.75,42782,213867839,7515.61
27-Oct-23,18928.75,19076.15,18926.65,19047.25,205201044,19947.48,42555.6,42840.15,42482.75,42782,213867839,7515.61,30-Oct-23,19053.4,19158.5,18940,19140.9,180132492,17095.73,42721.4,43112.5,42390.5,43039.15,188984726,5999.82
30-Oct-23,19053.4,19158.5,18940,19140.9,180132492,17095.73,42721.4,43112.5,42390.5,43039.15,188984726,5999.82,31-Oct-23,19232.95,19233.7,19056.45,19079.6,206049341,19397.36,43356.85,43356.85,42797.15,42845.95,157391487,7678.31
31-Oct-23,19232.95,19233.7,19056.45,19079.6,206049341,19397.36,43356.85,43356.85,42797.15,42845.95,157391487,7678.31,01-Nov-23,19064.05,19096.05,18973.7,18989.15,194103279,18452.51,42694.25,42815.15,42589.65,42700.95,145213582,6822.53
01-Nov-23,19064.05,19096.05,18973.7,18989.15,194103279,18452.51,42694.25,42815.15,42589.65,42700.95,145213582,6822.53,02-Nov-23,19120,19175.25,19064.15,19133.25,245595109,19771.49,43018.7,43271.5,42796.45,43017.2,144713411,7556.85
02-Nov-23,19120,19175.25,19064.15,19133.25,245595109,19771.49,43018.7,43271.5,42796.45,43017.2,144713411,7556.85,03-Nov-23,19241,19276.25,19210.9,19230.6,189516123,17304.87,43318.3,43416.1,43221,43318.25,124077759,4910.1
03-Nov-23,19241,19276.25,19210.9,19230.6,189516123,17304.87,43318.3,43416.1,43221,43318.25,124077759,4910.1,06-Nov-23,19345.85,19423,19309.7,19411.75,180690631,16296.56,43627.75,43648.7,43415.2,43619.4,149913775,6574.44
06-Nov-23,19345.85,19423,19309.7,19411.75,180690631,16296.56,43627.75,43648.7,43415.2,43619.4,149913775,6574.44,07-Nov-23,19404.05,19423.5,19329.1,19406.7,198660124,18288.06,43598.85,43799.35,43283.85,43737.9,198173326,9289.17
07-Nov-23,19404.05,19423.5,19329.1,19406.7,198660124,18288.06,43598.85,43799.35,43283.85,43737.9,198173326,9289.17,08-Nov-23,19449.6,19464.4,19401.5,19443.5,194967997,17060.45,43791.8,43797.55,43547.75,43658.65,163438317,8174.1
08-Nov-23,19449.6,19464.4,19401.5,19443.5,194967997,17060.45,43791.8,43797.55,43547.75,43658.65,163438317,8174.1,09-Nov-23,19457.4,19463.9,19378.35,19395.3,208418472,19087.29,43626.1,43876.75,43542.65,43683.6,108890302,5404.57
09-Nov-23,19457.4,19463.9,19378.35,19395.3,208418472,19087.29,43626.1,43876.75,43542.65,43683.6,108890302,5404.57,10-Nov-23,19351.85,19451.3,19329.45,19425.35,152215785,12916.21,43543.25,43908.7,43504.95,43820.1,89974914,4066.49
10-Nov-23,19351.85,19451.3,19329.45,19425.35,152215785,12916.21,43543.25,43908.7,43504.95,43820.1,89974914,4066.49,12-Nov-23,19547.25,19547.25,19510.25,19525.55,37311902,2482.27,44054.5,44056,43916.6,43996.65,26541813,876.91
12-Nov-23,19547.25,19547.25,19510.25,19525.55,37311902,2482.27,44054.5,44056,43916.6,43996.65,26541813,876.91,13-Nov-23,19486.75,19494.4,19414.75,19443.55,189275733,13527.22,43915.1,43970.75,43681.4,43891.25,169596833,6306.65
13-Nov-23,19486.75,19494.4,19414.75,19443.55,189275733,13527.22,43915.1,43970.75,43681.4,43891.25,169596833,6306.65,15-Nov-23,19651.4,19693.2,19579.65,19675.45,291464988,24957.24,44398.45,44408.55,44164.55,44201.7,202535584,9618.46
15-Nov-23,19651.4,19693.2,19579.65,19675.45,291464988,24957.24,44398.45,44408.55,44164.55,44201.7,202535584,9618.46,16-Nov-23,19674.7,19875.25,19627,19765.2,282686669,26041.45,44251.7,44420.95,44064.15,44161.55,144312535,7219.22
16-Nov-23,19674.7,19875.25,19627,19765.2,282686669,26041.45,44251.7,44420.95,44064.15,44161.55,144312535,7219.22,17-Nov-23,19674.75,19806,19667.45,19731.8,236827462,21681.28,43656.25,43872.85,43513.85,43583.95,227415842,9025.22
17-Nov-23,19674.75,19806,19667.45,19731.8,236827462,21681.28,43656.25,43872.85,43513.85,43583.95,227415842,9025.22,20-Nov-23,19731.15,19756.45,19670.5,19694,173780543,16737.05,43591.5,43724,43450.05,43584.95,124319579,5666.42
20-Nov-23,19731.15,19756.45,19670.5,19694,173780543,16737.05,43591.5,43724,43450.05,43584.95,124319579,5666.42,21-Nov-23,19770.9,19829.1,19754.05,19783.4,194969012,17947.2,43790.95,43790.95,43586.45,43689.15,108196578,5746.35
21-Nov-23,19770.9,19829.1,19754.05,19783.4,194969012,17947.2,43790.95,43790.95,43586.45,43689.15,108196578,5746.35,22-Nov-23,19784,19825.55,19703.85,19811.85,184497984,17405.48,43663.6,43692.5,43230.95,43449.6,150863505,7329.92
22-Nov-23,19784,19825.55,19703.85,19811.85,184497984,17405.48,43663.6,43692.5,43230.95,43449.6,150863505,7329.92,23-Nov-23,19828.45,19875.15,19786.75,19802,170024085,15906.94,43452.75,43649.65,43451.35,43577.5,72280382,3834.27
23-Nov-23,19828.45,19875.15,19786.75,19802,170024085,15906.94,43452.75,43649.65,43451.35,43577.5,72280382,3834.27,24-Nov-23,19809.6,19832.85,19768.85,19794.7,145895044,14389.29,43607.35,43806.5,43566.15,43769.1,96846530,4775.9
24-Nov-23,19809.6,19832.85,19768.85,19794.7,145895044,14389.29,43607.35,43806.5,43566.15,43769.1,96846530,4775.9,28-Nov-23,19844.65,19916.85,19800,19889.7,229595031,23043.25,43851.55,43960.3,43739.8,43880.95,151249387,7047.12
28-Nov-23,19844.65,19916.85,19800,19889.7,229595031,23043.25,43851.55,43960.3,43739.8,43880.95,151249387,7047.12,29-Nov-23,19976.55,20104.65,19956.3,20096.6,236241768,22367.64,44081.75,44630.35,44003.45,44566.45,152338716,7734.64
29-Nov-23,19976.55,20104.65,19956.3,20096.6,236241768,22367.64,44081.75,44630.35,44003.45,44566.45,152338716,7734.64,30-Nov-23,20108.5,20158.7,20015.85,20133.15,486585349,48877.95,44711.2,44764.8,44254.6,44481.75,343168253,21570.23
30-Nov-23,20108.5,20158.7,20015.85,20133.15,486585349,48877.95,44711.2,44764.8,44254.6,44481.75,343168253,21570.23,01-Dec-23,20194.1,20291.55,20183.7,20267.9,265812566,22461.53,44580.15,44951.1,44531.75,44814.2,204927587,8180.31
01-Dec-23,20194.1,20291.55,20183.7,20267.9,265812566,22461.53,44580.15,44951.1,44531.75,44814.2,204927587,8180.31,04-Dec-23,20601.95,20702.65,20507.75,20686.8,381107418,33917.52,45671.5,46484.45,45484.2,46431.4,311170393,14550.11
04-Dec-23,20601.95,20702.65,20507.75,20686.8,381107418,33917.52,45671.5,46484.45,45484.2,46431.4,311170393,14550.11,05-Dec-23,20808.9,20864.05,20711.15,20855.1,421008350,41763.52,46895.9,47230.55,46653.65,47012.25,326064098,15573.44
05-Dec-23,20808.9,20864.05,20711.15,20855.1,421008350,41763.52,46895.9,47230.55,46653.65,47012.25,326064098,15573.44,06-Dec-23,20950.75,20961.95,20852.15,20937.7,359212958,35654.76,47256.75,47259.85,46750.2,46834.55,244245159,10666.48
06-Dec-23,20950.75,20961.95,20852.15,20937.7,359212958,35654.76,47256.75,47259.85,46750.2,46834.55,244245159,10666.48,07-Dec-23,20932.4,20941.25,20850.8,20901.15,274985308,24862.43,46735.4,46927.7,46507.15,46841.4,208148115,6747.85
07-Dec-23,20932.4,20941.25,20850.8,20901.15,274985308,24862.43,46735.4,46927.7,46507.15,46841.4,208148115,6747.85,08-Dec-23,20934.1,21006.1,20862.7,20969.4,292440768,27449.96,46797.2,47303.65,46793.9,47262,218254038,9180.03
08-Dec-23,20934.1,21006.1,20862.7,20969.4,292440768,27449.96,46797.2,47303.65,46793.9,47262,218254038,9180.03,11-Dec-23,20965.3,21026.1,20923.7,20997.1,212921451,21150.17,47233.3,47588,47186.6,47314.25,182500023,7276.41
11-Dec-23,20965.3,21026.1,20923.7,20997.1,212921451,21150.17,47233.3,47588,47186.6,47314.25,182500023,7276.41,12-Dec-23,21018.55,21037.9,20867.15,20906.4,244867128,25404.64,47421.7,47454,47004.05,47097.55,181986087,8796.84
12-Dec-23,21018.55,21037.9,20867.15,20906.4,244867128,25404.64,47421.7,47454,47004.05,47097.55,181986087,8796.84,13-Dec-23,20929.75,20950,20769.5,20926.35,260269318,25918.44,47190.75,47201.95,46886.9,47092.25,202304718,8905.84
13-Dec-23,20929.75,20950,20769.5,20926.35,260269318,25918.44,47190.75,47201.95,46886.9,47092.25,202304718,8905.84,14-Dec-23,21110.4,21210.9,21074.45,21182.7,334410589,32593.42,47567.65,47943.6,47510.85,47732.3,193093079,9839.45
14-Dec-23,21110.4,21210.9,21074.45,21182.7,334410589,32593.42,47567.65,47943.6,47510.85,47732.3,193093079,9839.45,15-Dec-23,21287.45,21492.3,21235.3,21456.65,508761756,50114.46,47939.9,48219.95,47632.85,48143.55,313865426,20163.08
15-Dec-23,21287.45,21492.3,21235.3,21456.65,508761756,50114.46,47939.9,48219.95,47632.85,48143.55,313865426,20163.08,18-Dec-23,21434.8,21482.8,21365.35,21418.65,249668965,23615.28,48068.5,48076.6,47806.7,47867.7,157255424,6762.4
18-Dec-23,21434.8,21482.8,21365.35,21418.65,249668965,23615.28,48068.5,48076.6,47806.7,47867.7,157255424,6762.4,19-Dec-23,21477.65,21505.05,21337.75,21453.1,249750062,23750.61,47940.4,48017,47646.05,47870.9,189789200,7801.73
19-Dec-23,21477.65,21505.05,21337.75,21453.1,249750062,23750.61,47940.4,48017,47646.05,47870.9,189789200,7801.73,20-Dec-23,21543.5,21593,21087.35,21150.15,363886229,30993.12,48085.35,48166.15,47202.65,47445.3,242487993,10779.73
20-Dec-23,21543.5,21593,21087.35,21150.15,363886229,30993.12,48085.35,48166.15,47202.65,47445.3,242487993,10779.73,21-Dec-23,21033.95,21288.35,20976.8,21255.05,277548079,26001.02,47172.45,47932.4,46919.7,47840.15,207998676,10008.37
21-Dec-23,21033.95,21288.35,20976.8,21255.05,277548079,26001.02,47172.45,47932.4,46919.7,47840.15,207998676,10008.37,22-Dec-23,21295.85,21390.5,21232.45,21349.4,284708918,27709.29,47837.75,48071.4,47415.85,47491.85,165824495,10615.92
22-Dec-23,21295.85,21390.5,21232.45,21349.4,284708918,27709.29,47837.75,48071.4,47415.85,47491.85,165824495,10615.92,26-Dec-23,21365.2,21477.15,21329.45,21441.35,219467748,20081.33,47576.4,47838.45,47411.65,47724.85,118747478,6180.81
26-Dec-23,21365.2,21477.15,21329.45,21441.35,219467748,20081.33,47576.4,47838.45,47411.65,47724.85,118747478,6180.81,27-Dec-23,21497.65,21675.75,21495.8,21654.75,256542963,23059.25,47818.5,48347.65,47806.7,48282.2,184934337,7976.75
27-Dec-23,21497.65,21675.75,21495.8,21654.75,256542963,23059.25,47818.5,48347.65,47806.7,48282.2,184934337,7976.75,28-Dec-23,21715,21801.45,21678,21778.7,393080755,35031,48479.05,48636.45,48343.15,48508.55,391088458,14240.16
28-Dec-23,21715,21801.45,21678,21778.7,393080755,35031,48479.05,48636.45,48343.15,48508.55,391088458,14240.16,29-Dec-23,21737.65,21770.3,21676.9,21731.4,270922276,23697.88,48374.85,48477.7,48091.85,48292.25,173986713,7476.67
29-Dec-23,21737.65,21770.3,21676.9,21731.4,270922276,23697.88,48374.85,48477.7,48091.85,48292.25,173986713,7476.67,01-Jan-24,21727.75,21834.35,21680.85,21741.9,153995217,14184.09,48203.45,48450,48044.15,48234.3,146861652,4959.89
01-Jan-24,21727.75,21834.35,21680.85,21741.9,153995217,14184.09,48203.45,48450,48044.15,48234.3,146861652,4959.89,02-Jan-24,21751.35,21755.6,21555.65,21665.8,263711568,25316.13,48194.8,48223.55,47689.8,47761.65,183177683,8751.01
02-Jan-24,21751.35,21755.6,21555.65,21665.8,263711568,25316.13,48194.8,48223.55,47689.8,47761.65,183177683,8751.01,03-Jan-24,21661.1,21677,21500.35,21517.35,311933117,32329.23,47796.3,47798.75,47481.35,47704.95,233345158,9832.53
03-Jan-24,21661.1,21677,21500.35,21517.35,311933117,32329.23,47796.3,47798.75,47481.35,47704.95,233345158,9832.53,04-Jan-24,21605.8,21685.65,21564.55,21658.6,339172697,30868.15,47805.4,48281.2,47738.15,48195.85,175744981,9718.17
04-Jan-24,21605.8,21685.65,21564.55,21658.6,339172697,30868.15,47805.4,48281.2,47738.15,48195.85,175744981,9718.17,05-Jan-24,21705.75,21749.6,21629.2,21710.8,309303266,26554.49,48245.55,48381.95,47822.85,48159,180954626,9834.28
05-Jan-24,21705.75,21749.6,21629.2,21710.8,309303266,26554.49,48245.55,48381.95,47822.85,48159,180954626,9834.28,08-Jan-24,21747.6,21763.95,21492.9,21513,231452935,21140.94,48096.65,48154.5,47387.35,47450.25,231436501,9469.54
08-Jan-24,21747.6,21763.95,21492.9,21513,231452935,21140.94,48096.65,48154.5,47387.35,47450.25,231436501,9469.54,09-Jan-24,21653.6,21724.45,21517.85,21544.85,228568589,24055.74,47705.4,47939.3,47156.05,47242.65,160987383,7934.05
09-Jan-24,21653.6,21724.45,21517.85,21544.85,228568589,24055.74,47705.4,47939.3,47156.05,47242.65,160987383,7934.05,10-Jan-24,21529.3,21641.85,21448.65,21618.7,216991926,20958.96,47073.85,47423.45,47010.8,47360.85,165160645,6969.8
10-Jan-24,21529.3,21641.85,21448.65,21618.7,216991926,20958.96,47073.85,47423.45,47010.8,47360.85,165160645,6969.8,11-Jan-24,21688,21726.5,21593.75,21647.2,212453866,23492.12,47538.6,47662.1,47237,47438.35,132519875,5966.43
11-Jan-24,21688,21726.5,21593.75,21647.2,212453866,23492.12,47538.6,47662.1,47237,47438.35,132519875,5966.43,12-Jan-24,21773.55,21928.25,21715.15,21894.55,294678459,30565.5,47572.7,47873.7,47408.5,47709.8,191640544,7146.18
12-Jan-24,21773.55,21928.25,21715.15,21894.55,294678459,30565.5,47572.7,47873.7,47408.5,47709.8,191640544,7146.18,15-Jan-24,22053.15,22115.55,21963.55,22097.45,345543523,29523.15,47891.05,48248.05,47825.4,48158.3,167053734,8548.16
15-Jan-24,22053.15,22115.55,21963.55,22097.45,345543523,29523.15,47891.05,48248.05,47825.4,48158.3,167053734,8548.16,16-Jan-24,22080.5,22124.15,21969.8,22032.3,292433764,24435.94,48109.95,48305.4,48002.85,48125.1,224460146,8140.38
16-Jan-24,22080.5,22124.15,21969.8,22032.3,292433764,24435.94,48109.95,48305.4,48002.85,48125.1,224460146,8140.38,17-Jan-24,21647.25,21851.5,21550.45,21571.95,455999867,47533.44,46573.95,47212.75,45979.6,46064.45,499645242,29225.38
17-Jan-24,21647.25,21851.5,21550.45,21571.95,455999867,47533.44,46573.95,47212.75,45979.6,46064.45,499645242,29225.38,18-Jan-24,21414.2,21539.4,21285.55,21462.25,387341268,39718.84,45492.75,46184.05,45430.7,45713.55,275044049,19277.92
18-Jan-24,21414.2,21539.4,21285.55,21462.25,387341268,39718.84,45492.75,46184.05,45430.7,45713.55,275044049,19277.92,19-Jan-24,21615.2,21670.6,21575,21622.4,343055124,34429.24,46103.5,46249.85,45558.05,45701.15,296609385,17405.47
19-Jan-24,21615.2,21670.6,21575,21622.4,343055124,34429.24,46103.5,46249.85,45558.05,45701.15,296609385,17405.47,20-Jan-24,21706.15,21720.3,21541.8,21571.8,162073740,13917.46,45989.25,46183.7,45640.9,46058.2,157202694,7004.79
20-Jan-24,21706.15,21720.3,21541.8,21571.8,162073740,13917.46,45989.25,46183.7,45640.9,46058.2,157202694,7004.79,23-Jan-24,21716.7,21750.25,21192.6,21238.8,449718534,48813.68,46495.45,46580.3,44886.1,45015.05,422624502,23485.75
23-Jan-24,21716.7,21750.25,21192.6,21238.8,449718534,48813.68,46495.45,46580.3,44886.1,45015.05,422624502,23485.75,24-Jan-24,21185.25,21482.35,21137.2,21453.95,407460664,41718.64,44489.4,45485.5,44489.4,45082.4,348696634,17822.46
24-Jan-24,21185.25,21482.35,21137.2,21453.95,407460664,41718.64,44489.4,45485.5,44489.4,45082.4,348696634,17822.46,25-Jan-24,21454.6,21459,21247.05,21352.6,418143077,40088.5,45057.95,45139.05,44429,44866.15,386805113,19114.35
25-Jan-24,21454.6,21459,21247.05,21352.6,418143077,40088.5,45057.95,45139.05,44429,44866.15,386805113,19114.35,29-Jan-24,21433.1,21763.25,21429.6,21737.6,376702289,34516.42,45171.5,45660.35,45110.9,45442.35,336781672,14163.2
29-Jan-24,21433.1,21763.25,21429.6,21737.6,376702289,34516.42,45171.5,45660.35,45110.9,45442.35,336781672,14163.2,30-Jan-24,21775.75,21813.05,21501.8,21522.1,375137333,32916.3,45481.5,45678.7,45206.05,45367.75,232110117,10108.33
30-Jan-24,21775.75,21813.05,21501.8,21522.1,375137333,32916.3,45481.5,45678.7,45206.05,45367.75,232110117,10108.33,31-Jan-24,21487.25,21741.35,21448.85,21725.7,410583065,41587.85,45295.65,46179.75,45071.2,45996.8,373131629,16491.11
31-Jan-24,21487.25,21741.35,21448.85,21725.7,410583065,41587.85,45295.65,46179.75,45071.2,45996.8,373131629,16491.11,01-Feb-24,21780.65,21832.95,21658.75,21697.45,332541208,34042.15,46164.9,46306.9,45668.35,46188.65,305721773,10681.78
01-Feb-24,21780.65,21832.95,21658.75,21697.45,332541208,34042.15,46164.9,46306.9,45668.35,46188.65,305721773,10681.78,02-Feb-24,21812.75,22126.8,21805.55,21853.8,442794738,38395.9,46568.2,46892.35,45901.25,45970.95,337040622,12743.15
02-Feb-24,21812.75,22126.8,21805.55,21853.8,442794738,38395.9,46568.2,46892.35,45901.25,45970.95,337040622,12743.15,05-Feb-24,21921.05,21964.3,21726.95,21771.7,440849699,33807.94,45962.25,46048.6,45615.1,45825.55,265909716,11202.01
05-Feb-24,21921.05,21964.3,21726.95,21771.7,440849699,33807.94,45962.25,46048.6,45615.1,45825.55,265909716,11202.01,06-Feb-24,21825.2,21951.4,21737.55,21929.4,370968111,32910.82,45891.2,45932.15,45527,45690.8,178592534,9115.56
06-Feb-24,21825.2,21951.4,21737.55,21929.4,370968111,32910.82,45891.2,45932.15,45527,45690.8,178592534,9115.56,07-Feb-24,22045.05,22053.3,21860.15,21930.5,346263704,30088.76,45944.6,46062.85,45620.5,45818.5,283674776,13737.11
07-Feb-24,22045.05,22053.3,21860.15,21930.5,346263704,30088.76,45944.6,46062.85,45620.5,45818.5,283674776,13737.11,08-Feb-24,22009.65,22011.05,21665.3,21717.95,491069786,41082.02,45973.85,46181.2,44893.75,45012,319908560,17193.25
08-Feb-24,22009.65,22011.05,21665.3,21717.95,491069786,41082.02,45973.85,46181.2,44893.75,45012,319908560,17193.25,09-Feb-24,21727,21804.45,21629.9,21782.5,349222850,31176.16,44986.75,45718.15,44859.15,45634.55,275980366,13111.21
09-Feb-24,21727,21804.45,21629.9,21782.5,349222850,31176.16,44986.75,45718.15,44859.15,45634.55,275980366,13111.21,12-Feb-24,21800.8,21831.7,21574.75,21616.05,287436165,23921.14,45664.3,45748.5,44633.85,44882.25,268816417,10317.6
12-Feb-24,21800.8,21831.7,21574.75,21616.05,287436165,23921.14,45664.3,45748.5,44633.85,44882.25,268816417,10317.6,13-Feb-24,21664.3,21766.8,21543.35,21743.25,365785766,29896.62,45056.8,45750.4,44819.55,45502.4,245860544,12243.15
13-Feb-24,21664.3,21766.8,21543.35,21743.25,365785766,29896.62,45056.8,45750.4,44819.55,45502.4,245860544,12243.15,14-Feb-24,21578.15,21870.85,21530.2,21840.05,359120861,32535,45014.65,46170.45,44860.75,45908.3,279949703,16369.67
14-Feb-24,21578.15,21870.85,21530.2,21840.05,359120861,32535,45014.65,46170.45,44860.75,45908.3,279949703,16369.67,15-Feb-24,21906.55,21953.85,21794.8,21910.75,345394395,29559.69,46027.1,46297.7,45590.2,46218.9,277735723,11616.29
15-Feb-24,21906.55,21953.85,21794.8,21910.75,345394395,29559.69,46027.1,46297.7,45590.2,46218.9,277735723,11616.29,16-Feb-24,22020.3,22068.65,21968.95,22040.7,343892935,30666.89,46454.3,46693.4,46264.4,46384.85,291383103,10101.23
16-Feb-24,22020.3,22068.65,21968.95,22040.7,343892935,30666.89,46454.3,46693.4,46264.4,46384.85,291383103,10101.23,19-Feb-24,22103.45,22186.65,22021.05,22122.25,218252325,21375.71,46554.9,46717.4,46317.7,46535.5,158391356,8048.39
19-Feb-24,22103.45,22186.65,22021.05,22122.25,218252325,21375.71,46554.9,46717.4,46317.7,46535.5,158391356,8048.39,20-Feb-24,22099.2,22215.6,22045.85,22196.95,295705319,26872.32,46444.9,47136.75,46367.8,47094.2,171886069,10520.32
20-Feb-24,22099.2,22215.6,22045.85,22196.95,295705319,26872.32,46444.9,47136.75,46367.8,47094.2,171886069,10520.32,21-Feb-24,22248.85,22249.4,21997.95,22055.05,364545679,29741.39,47363.4,47363.4,46886.95,47019.7,198947007,11151.61
21-Feb-24,22248.85,22249.4,21997.95,22055.05,364545679,29741.39,47363.4,47363.4,46886.95,47019.7,198947007,11151.61,22-Feb-24,22081.55,22252.5,21875.25,22217.45,343495136,33985.94,46934.55,47024.05,46426.85,46919.8,177182875,11307.92
22-Feb-24,22081.55,22252.5,21875.25,22217.45,343495136,33985.94,46934.55,47024.05,46426.85,46919.8,177182875,11307.92,23-Feb-24,22290,22297.5,22186.1,22212.7,225983194,24617.01,47060.7,47245.35,46723.15,46811.75,200518213,8632.88
23-Feb-24,22290,22297.5,22186.1,22212.7,225983194,24617.01,47060.7,47245.35,46723.15,46811.75,200518213,8632.88,26-Feb-24,22169.2,22202.15,22075.15,22122.05,207775504,20850.26,46615.85,46893.15,46513.55,46576.5,223684075,8008.66
26-Feb-24,22169.2,22202.15,22075.15,22122.05,207775504,20850.26,46615.85,46893.15,46513.55,46576.5,223684075,8008.66,27-Feb-24,22090.2,22218.25,22085.65,22198.35,252199186,24620.71,46480.2,46722.25,46324.9,46588.05,157256037,7924.81
27-Feb-24,22090.2,22218.25,22085.65,22198.35,252199186,24620.71,46480.2,46722.25,46324.9,46588.05,157256037,7924.81,28-Feb-24,22214.1,22229.15,21915.85,21951.15,202952371,20579.8,46640.9,46754.55,45852.55,45963.15,167271103,6980.13
28-Feb-24,22214.1,22229.15,21915.85,21951.15,202952371,20579.8,46640.9,46754.55,45852.55,45963.15,167271103,6980.13,29-Feb-24,21935.2,22060.55,21860.65,21982.8,360165824,40196.12,45881.45,46329.65,45661.75,46120.9,544734727,16455.05
29-Feb-24,21935.2,22060.55,21860.65,21982.8,360165824,40196.12,45881.45,46329.65,45661.75,46120.9,544734727,16455.05,01-Mar-24,22048.3,22353.3,22047.75,22338.75,351503075,29646.47,46218,47342.25,46218,47286.9,172519003,8587.25
01-Mar-24,22048.3,22353.3,22047.75,22338.75,351503075,29646.47,46218,47342.25,46218,47286.9,172519003,8587.25,02-Mar-24,22406.95,22419.55,22367.05,22378.4,35763814,1918.77,47377.45,47433.85,47237,47297.5,12241084,495.48
02-Mar-24,22406.95,22419.55,22367.05,22378.4,35763814,1918.77,47377.45,47433.85,47237,47297.5,12241084,495.48,04-Mar-24,22403.5,22440.9,22358.3,22405.6,298794435,23771.71,47318.5,47529.6,47191.65,47456.1,158086247,7795.84
04-Mar-24,22403.5,22440.9,22358.3,22405.6,298794435,23771.71,47318.5,47529.6,47191.65,47456.1,158086247,7795.84,05-Mar-24,22371.25,22416.9,22269.15,22356.3,296153036,29165.37,47265.7,47737.85,47196.75,47581,176908608,8513.12
05-Mar-24,22371.25,22416.9,22269.15,22356.3,296153036,29165.37,47265.7,47737.85,47196.75,47581,176908608,8513.12,06-Mar-24,22327.5,22497.2,22224.35,22474.05,312262560,31029.01,47451.65,48161.25,47442.25,47965.4,301719696,14489.87
06-Mar-24,22327.5,22497.2,22224.35,22474.05,312262560,31029.01,47451.65,48161.25,47442.25,47965.4,301719696,14489.87,07-Mar-24,22505.3,22525.65,22430,22493.55,379865142,33558.46,48035.8,48071.7,47747.2,47835.8,146312130,8873.38
07-Mar-24,22505.3,22525.65,22430,22493.55,379865142,33558.46,48035.8,48071.7,47747.2,47835.8,146312130,8873.38,11-Mar-24,22517.5,22526.6,22307.25,22332.65,277897373,27222.37,47792.2,47853.8,47230.65,47327.85,204168522,10257.14
11-Mar-24,22517.5,22526.6,22307.25,22332.65,277897373,27222.37,47792.2,47853.8,47230.65,47327.85,204168522,10257.14,12-Mar-24,22334.45,22452.55,22256,22335.7,299201167,29781.12,47351.35,47812.75,46884.45,47282.4,207215490,13545.13
12-Mar-24,22334.45,22452.55,22256,22335.7,299201167,29781.12,47351.35,47812.75,46884.45,47282.4,207215490,13545.13,13-Mar-24,22432.2,22446.75,21905.65,21997.7,493341697,40109.23,47341.15,47468.7,46842.15,46981.3,274610911,14793.18
13-Mar-24,22432.2,22446.75,21905.65,21997.7,493341697,40109.23,47341.15,47468.7,46842.15,46981.3,274610911,14793.18,14-Mar-24,21982.55,22204.6,21917.5,22146.65,426742460,37348.3,46825.75,47231.5,46565.55,46789.95,220394655,11310.48
14-Mar-24,21982.55,22204.6,21917.5,22146.65,426742460,37348.3,46825.75,47231.5,46565.55,46789.95,220394655,11310.48,15-Mar-24,22064.85,22120.9,21931.7,22023.35,661460455,60260.88,46572.1,46802.55,46310.5,46594.1,339276817,26718.21
15-Mar-24,22064.85,22120.9,21931.7,22023.35,661460455,60260.88,46572.1,46802.55,46310.5,46594.1,339276817,26718.21,18-Mar-24,21990.1,22123.7,21916.55,22055.7,356321519,23015.51,46458.75,46739.25,46022.15,46575.9,151328904,6888.3
18-Mar-24,21990.1,22123.7,21916.55,22055.7,356321519,23015.51,46458.75,46739.25,46022.15,46575.9,151328904,6888.3,19-Mar-24,21946.45,21978.3,21793.1,21817.45,344157465,30291.6,46421.9,46602.35,46258.75,46384.8,147080034,8734.12
19-Mar-24,21946.45,21978.3,21793.1,21817.45,344157465,30291.6,46421.9,46602.35,46258.75,46384.8,147080034,8734.12,20-Mar-24,21843.9,21930.9,21710.2,21839.1,312414696,28939.85,46392.9,46655.55,45828.8,46310.9,210365443,11766.43
20-Mar-24,21843.9,21930.9,21710.2,21839.1,312414696,28939.85,46392.9,46655.55,45828.8,46310.9,210365443,11766.43,21-Mar-24,21989.9,22080.95,21941.3,22011.95,353172434,31258.4,46674.85,46990.25,46570.15,46684.9,150392246,8896.96
21-Mar-24,21989.9,22080.95,21941.3,22011.95,353172434,31258.4,46674.85,46990.25,46570.15,46684.9,150392246,8896.96,22-Mar-24,21932.2,22180.7,21883.3,22096.75,388656439,39023.19,46634.9,46974.15,46566.8,46863.75,172184807,10851.42
22-Mar-24,21932.2,22180.7,21883.3,22096.75,388656439,39023.19,46634.9,46974.15,46566.8,46863.75,172184807,10851.42,26-Mar-24,21947.9,22073.2,21947.55,22004.7,328403719,33382.08,46552.95,46788.35,46529.05,46600.2,171655734,11171.03
26-Mar-24,21947.9,22073.2,21947.55,22004.7,328403719,33382.08,46552.95,46788.35,46529.05,46600.2,171655734,11171.03,27-Mar-24,22053.95,22193.6,22052.85,22123.65,409136866,38830.73,46643.45,46956.1,46643.45,46785.95,285050400,16539.74
27-Mar-24,22053.95,22193.6,22052.85,22123.65,409136866,38830.73,46643.45,46956.1,46643.45,46785.95,285050400,16539.74,28-Mar-24,22163.6,22516,22163.6,22326.9,407422815,45656.57,46827.85,47440.45,46827.85,47124.6,347979603,13594.54
28-Mar-24,22163.6,22516,22163.6,22326.9,407422815,45656.57,46827.85,47440.45,46827.85,47124.6,347979603,13594.54,01-Apr-24,22455,22529.95,22427.75,22462,243637071,21420.69,47391.05,47646.8,47373.1,47578.25,134089417,6573
01-Apr-24,22455,22529.95,22427.75,22462,243637071,21420.69,47391.05,47646.8,47373.1,47578.25,134089417,6573,02-Apr-24,22458.8,22497.6,22388.15,22453.3,289524237,27940.93,47490.75,47707.35,47408.55,47545.45,183398624,10412.26
02-Apr-24,22458.8,22497.6,22388.15,22453.3,289524237,27940.93,47490.75,47707.35,47408.55,47545.45,183398624,10412.26,03-Apr-24,22385.7,22521.1,22346.5,22434.65,309647491,30793.28,47350.25,47676.95,47279.8,47624.25,283779413,13792.53
03-Apr-24,22385.7,22521.1,22346.5,22434.65,309647491,30793.28,47350.25,47676.95,47279.8,47624.25,283779413,13792.53,04-Apr-24,22592.1,22619,22303.8,22514.65,400986156,40705.56,48086.2,48254.65,47712.7,48060.8,324271925,18895.59
04-Apr-24,22592.1,22619,22303.8,22514.65,400986156,40705.56,48086.2,48254.65,47712.7,48060.8,324271925,18895.59,05-Apr-24,22486.4,22537.6,22427.6,22513.7,242244731,24797.82,48104.65,48557.4,47894.5,48493.05,214305236,11909.32
05-Apr-24,22486.4,22537.6,22427.6,22513.7,242244731,24797.82,48104.65,48557.4,47894.5,48493.05,214305236,11909.32,08-Apr-24,22578.35,22697.3,22550.35,22666.3,227633561,22480.2,48586.75,48716.95,48424.65,48581.7,263381555,7900.46
08-Apr-24,22578.35,22697.3,22550.35,22666.3,227633561,22480.2,48586.75,48716.95,48424.65,48581.7,263381555,7900.46,09-Apr-24,22765.1,22768.4,22612.25,22642.75,232356772,21651.69,48810.8,48960.75,48568.25,48730.55,147583296,7024.79
09-Apr-24,22765.1,22768.4,22612.25,22642.75,232356772,21651.69,48810.8,48960.75,48568.25,48730.55,147583296,7024.79,10-Apr-24,22720.25,22775.7,22673.7,22753.8,276847931,25355.05,48879.55,49057.4,48669.25,48986.6,247065747,9611.82
10-Apr-24,22720.25,22775.7,22673.7,22753.8,276847931,25355.05,48879.55,49057.4,48669.25,48986.6,247065747,9611.82,12-Apr-24,22677.4,22726.45,22503.75,22519.4,357187778,36456.91,48671.2,48882.65,48477.55,48564.55,207985339,10643.84
12-Apr-24,22677.4,22726.45,22503.75,22519.4,357187778,36456.91,48671.2,48882.65,48477.55,48564.55,207985339,10643.84,15-Apr-24,22339.05,22427.45,22259.55,22272.5,355465814,29474.59,48057.5,48255.5,47725.8,47773.25,197115142,7882.76
15-Apr-24,22339.05,22427.45,22259.55,22272.5,355465814,29474.59,48057.5,48255.5,47725.8,47773.25,197115142,7882.76,16-Apr-24,22125.3,22213.75,22079.45,22147.9,317267066,28661.04,47436.7,47609,47316.55,47484.8,186069576,7841.45
16-Apr-24,22125.3,22213.75,22079.45,22147.9,317267066,28661.04,47436.7,47609,47316.55,47484.8,186069576,7841.45,18-Apr-24,22212.35,22326.5,21961.7,21995.85,456906707,43314.67,47592.7,47829.75,46982.15,47069.45,186371057,10326.12
18-Apr-24,22212.35,22326.5,21961.7,21995.85,456906707,43314.67,47592.7,47829.75,46982.15,47069.45,186371057,10326.12,19-Apr-24,21861.5,22179.55,21777.65,22147,362530569,36073.63,46744.95,47668.7,46579.05,47574.15,164580371,9513.25
19-Apr-24,21861.5,22179.55,21777.65,22147,362530569,36073.63,46744.95,47668.7,46579.05,47574.15,164580371,9513.25,22-Apr-24,22336.9,22375.65,22198.15,22336.4,279259571,26841.2,48145.7,48146.3,47628.45,47924.9,177719481,9898.66
22-Apr-24,22336.9,22375.65,22198.15,22336.4,279259571,26841.2,48145.7,48146.3,47628.45,47924.9,177719481,9898.66,23-Apr-24,22447.05,22447.55,22349.45,22368,231520813,25651.64,48299.6,48302.7,47899.3,47970.45,141110604,7677.26
23-Apr-24,22447.05,22447.55,22349.45,22368,231520813,25651.64,48299.6,48302.7,47899.3,47970.45,141110604,7677.26,24-Apr-24,22421.55,22476.45,22384,22402.4,235898642,21925.6,48120.9,48246.2,48028.7,48189,112159300,5867.57
24-Apr-24,22421.55,22476.45,22384,22402.4,235898642,21925.6,48120.9,48246.2,48028.7,48189,112159300,5867.57,25-Apr-24,22316.9,22625.95,22305.25,22570.35,475044740,53803.8,47772.65,48625.45,47737.2,48494.95,337412581,27018.59
25-Apr-24,22316.9,22625.95,22305.25,22570.35,475044740,53803.8,47772.65,48625.45,47737.2,48494.95,337412581,27018.59,26-Apr-24,22620.4,22620.4,22385.55,22419.95,329887340,36984.89,48660,48679.65,48088.25,48201.05,208118242,12146.84
26-Apr-24,22620.4,22620.4,22385.55,22419.95,329887340,36984.89,48660,48679.65,48088.25,48201.05,208118242,12146.84,29-Apr-24,22475.55,22655.8,22441.9,22643.4,291957361,32431.45,48359.9,49473.6,48342.7,49424.05,327134115,15966.76
29-Apr-24,22475.55,22655.8,22441.9,22643.4,291957361,32431.45,48359.9,49473.6,48342.7,49424.05,327134115,15966.76,30-Apr-24,22679.65,22783.35,22568.4,22604.85,361859375,38741.7,49477.1,49974.75,49249.9,49396.75,402874252,20351.02
30-Apr-24,22679.65,22783.35,22568.4,22604.85,361859375,38741.7,49477.1,49974.75,49249.9,49396.75,402874252,20351.02,02-May-24,22567.85,22710.5,22567.85,22648.2,445909456,43133.31,49262,49529.35,49123.6,49231.05,291857104,16230.32
02-May-24,22567.85,22710.5,22567.85,22648.2,445909456,43133.31,49262,49529.35,49123.6,49231.05,291857104,16230.32,03-May-24,22766.35,22794.7,22348.05,22475.85,438060727,44432.55,49375.05,49607.75,48659.7,48923.55,222964426,12837.75
03-May-24,22766.35,22794.7,22348.05,22475.85,438060727,44432.55,49375.05,49607.75,48659.7,48923.55,222964426,12837.75,06-May-24,22561.6,22588.8,22409.45,22442.7,320255789,33417.53,49174.55,49252.65,48784,48895.3,340187386,15200.24
06-May-24,22561.6,22588.8,22409.45,22442.7,320255789,33417.53,49174.55,49252.65,48784,48895.3,340187386,15200.24,07-May-24,22489.75,22499.05,22232.05,22302.5,297815469,31512.26,48965.05,49023.5,48213.75,48285.35,230306618,10179.38
07-May-24,22489.75,22499.05,22232.05,22302.5,297815469,31512.26,48965.05,49023.5,48213.75,48285.35,230306618,10179.38,08-May-24,22231.2,22368.65,22185.2,22302.5,277438692,29717.33,48124.2,48223.05,47851.15,48021.1,286041100,13795.53
08-May-24,22231.2,22368.65,22185.2,22302.5,277438692,29717.33,48124.2,48223.05,47851.15,48021.1,286041100,13795.53,09-May-24,22224.8,22307.75,21932.4,21957.5,331327454,37870.88,47976.35,48258.65,47440.65,47487.9,272914366,13331.32
09-May-24,22224.8,22307.75,21932.4,21957.5,331327454,37870.88,47976.35,48258.65,47440.65,47487.9,272914366,13331.32,10-May-24,21990.95,22131.3,21950.3,22055.2,265804411,28717.71,47555.5,47868.7,47313.35,47421.1,218854712,10013.36
,,,,,,,,,,,,,,,,,,,,,,,,,
